clade	gene	site	alt
1A	ppsA	556	V
1A	jhp0110	379	L
1A	jhp0110	392	K
1A	jhp0110	393	V
1A	jhp0110	372	S
1A	jhp0110	388	S
1A	jhp0110	387	V
1A	hcpD	123	H
1A	cagA	1001	T
1A	recR	45	F
1A	aroA	361	R
1A	cheA	806	H
1A	jhp1112	127	N
1A	sabA	249	D
1B	deaD	466	V
1B	jhp0089	17	T
1B	cagY	722	K
1B	cagY	723	A
1B	jhp0628	118	D
1B	jhp0937	281	E
1B	jhp0938	366	K
1B	priA	91	V
1B	hopL	163	S
1B	hopL	174	K
1B	hopL	163	S
1B	hopL	212	T
1B	hopL	173	A
1B	jhp1242	126	F
1B	dnaE	951	K
1B	dnaE	1173	H
1B	dnaE	1054	V
1B	recG	474	I
1B	pbp2	70	M
2A	minD	168	R
2A	acrB	215	H
2A	hsdM_3	528	T
2A	hydB	235	I
2A	jhp0402	21	N
2A	jhp1300	52	H
2A	jhp1300	57	F
2A	jhp1300	59	P
2A	metS	620	V
2B	comM	304	V
2B	fliF	75	K
2B	hsdR_3	744	T
2B	jhp0267	395	R
2B	jhp0296	47	S
2B	jhp0440	686	K
2B	jhp0468	131	T
2B	jhp0956	83	C
2B	jhp1392	181	T
2B	kgtP	390	V
2B	rpl20	9	C
2B	rpoB	2457	M
2B	sabA	401	D
2B	sabA	402	D
2B	sabB	405	P
2B	uvrD	592	H
2B	wbpB	242	E