clade_membership	1A	#7CE4FA
clade_membership	1B	#1763F7
clade_membership	2A	#FCB503
clade_membership	2B	#fb5A35
Cell_Shape	Rod	#7CE4FA
Cell_Shape	Short_Pitch	#fb5a35
Cell_Shape	Long_Pitch	#fcb503
body_location	Antrum	#fcb503
body_location	Corpus	#fb5A35
body_location	Duodenum	#1763F7
Percent_IL-8	>20%_increase	#fb5a35
Percent_IL-8	0-20%_increase	#FCB503
Percent_IL-8	1-20%_decrease	#7CE4FA
CagY	A	#7CE4FA
CagY	B	#1763F7
CagY	C	#FCB503
RFLP	A	#7CE4FA
RFLP	B	#1763F7
csd_mutations	Csd4_G87fs	#7CE4FA
csd_mutations	Csd4_S261fs	#7CE4FA
csd_mutations	Csd4_Y242X	#7CE4FA
csd_mutations	Csd4_I279fs	#7CE4FA
csd_mutations	Csd5_V168M	#FCB503
csd_mutations	Csd6_A114fs	#1763F7
csd_mutations	Csd6_I177fs	#1763F7
csd_mutations	Csd6_Y120fs	#1763F7